id,subscription,created_at,updated_at
1,nkingcote0@jimdo.com,2017-03-05 17:35:18,2017-08-01 12:12:30
2,blavall1@thetimes.co.uk,2016-07-19 07:35:23,2018-09-04 01:12:37
3,mlefebre2@oaic.gov.au,2016-09-10 04:08:49,2019-01-25 09:49:25
4,ajanowski3@hud.gov,2017-02-18 03:06:59,2018-06-03 09:59:37
5,amccartney4@howstuffworks.com,2016-04-02 02:13:52,2017-07-25 22:41:50
6,mfrapwell5@mozilla.org,2016-10-10 12:08:54,2019-02-23 21:53:50
7,aserrier6@apache.org,2016-03-29 13:46:32,2018-10-06 21:06:33
8,dmurkitt7@sphinn.com,2016-08-30 07:32:05,2017-08-28 05:59:02
9,cdibson8@mozilla.org,2016-12-03 16:08:53,2018-08-21 21:19:46
10,cscobie9@tuttocitta.it,2016-04-13 17:18:31,2017-12-03 09:13:42
11,sblacksella@macromedia.com,2016-10-25 03:42:01,2019-03-08 12:08:55
12,mwestcarrb@ustream.tv,2017-02-22 08:35:31,2018-05-29 00:40:57
13,cgaggc@digg.com,2016-10-31 22:20:20,2018-12-17 07:34:01
14,echatteyd@paginegialle.it,2017-01-08 02:34:39,2018-12-06 03:24:43
15,uwhiteare@shop-pro.jp,2016-12-30 05:22:50,2017-11-15 06:37:38
16,kbrugsmaf@gmpg.org,2016-08-01 22:59:45,2019-03-14 08:45:57
17,eplanksg@eventbrite.com,2017-05-04 07:18:08,2018-05-13 12:10:17
18,bspadollinih@fema.gov,2017-03-02 07:53:41,2018-04-06 02:05:45
19,wivashinnikovi@typepad.com,2017-05-08 09:20:44,2018-08-31 02:28:00
20,nertelj@samsung.com,2017-02-20 00:04:27,2018-06-15 12:19:57
21,fjacklingk@blogspot.com,2016-08-27 14:26:16,2018-03-13 21:50:57
22,jgrigsbyl@bigcartel.com,2017-02-19 13:01:46,2017-08-14 02:42:59
23,dperllmanm@yahoo.co.jp,2016-08-12 18:50:22,2018-12-19 08:55:41
24,dgarlettn@google.fr,2017-01-22 12:03:23,2017-10-27 20:15:37
25,wdanielo@thetimes.co.uk,2017-02-25 07:06:32,2018-08-30 03:34:32
26,smcilwainep@angelfire.com,2016-07-02 00:04:19,2018-01-28 19:48:08
27,kpenmanq@networkadvertising.org,2016-04-29 23:03:33,2019-02-10 00:11:58
28,bnewlanr@about.me,2016-08-28 18:17:44,2018-05-22 16:06:35
29,vostlers@sakura.ne.jp,2016-12-21 19:53:56,2018-05-26 00:59:33
30,rdaysht@chronoengine.com,2016-04-07 14:19:39,2017-07-07 03:23:34
31,lbyfieldu@apache.org,2016-05-06 18:33:57,2018-10-22 22:20:01
32,bnussv@statcounter.com,2017-03-20 18:05:23,2018-07-25 04:19:52
33,tseamarkew@boston.com,2016-10-25 08:20:15,2018-03-29 09:47:29
34,tsitlintonx@creativecommons.org,2016-12-11 15:13:05,2018-05-19 16:49:05
35,lmusharty@bing.com,2016-08-16 23:02:59,2017-07-29 03:41:12
36,ethomassinz@usda.gov,2017-03-16 15:38:50,2018-03-16 00:52:09
37,fcrossfeld10@scientificamerican.com,2016-12-09 13:28:56,2018-11-02 14:28:29
38,ztideswell11@opensource.org,2016-08-17 10:53:05,2018-03-16 08:00:53
39,zhateley12@icq.com,2016-08-06 09:14:36,2017-08-30 19:58:40
40,mpaunton13@jalbum.net,2017-03-02 23:11:54,2017-09-05 09:27:56
41,dbursell14@infoseek.co.jp,2017-05-20 03:32:34,2019-01-13 18:43:54
42,bpearce15@jugem.jp,2016-04-17 04:15:54,2017-08-06 00:56:47
43,eseel16@dell.com,2017-01-12 01:53:17,2018-11-10 21:45:13
44,ecranston17@forbes.com,2016-08-05 16:06:08,2017-09-19 20:07:15
45,osamwell18@vk.com,2017-02-02 23:34:07,2018-01-13 23:16:04
46,llenard19@springer.com,2017-03-30 00:50:23,2017-12-07 09:28:00
47,sfalks1a@nsw.gov.au,2017-01-07 19:22:07,2018-06-05 08:45:03
48,jhuntingford1b@google.nl,2016-08-10 23:54:00,2017-10-12 16:02:21
49,bdederick1c@nba.com,2016-06-28 02:02:05,2018-01-04 06:58:35
50,gpenniell1d@si.edu,2016-06-01 12:04:50,2017-08-13 13:30:41
51,aarsnell1e@alexa.com,2016-10-01 10:12:46,2018-04-02 09:40:02
52,rkynd1f@e-recht24.de,2016-08-26 00:16:04,2017-12-19 01:49:59
53,mchetter1g@e-recht24.de,2016-09-16 22:51:46,2019-02-03 22:45:34
54,emenier1h@dell.com,2017-02-19 15:57:23,2018-03-22 14:48:51
55,pslegg1i@mayoclinic.com,2016-08-30 07:14:58,2018-03-16 10:33:03
56,dtregian1j@oaic.gov.au,2017-05-14 15:26:54,2017-08-24 07:04:25
57,khuleatt1k@imgur.com,2016-08-15 12:18:29,2018-04-23 00:57:14
58,malcido1l@meetup.com,2016-07-18 15:12:02,2017-08-02 01:28:51
59,serrey1m@google.it,2016-03-26 17:08:11,2018-12-16 18:45:03
60,ktranckle1n@webs.com,2016-03-19 08:25:45,2018-12-03 00:42:06
61,dmorehall1o@google.fr,2017-04-25 11:55:50,2018-08-30 14:54:27
62,nhanwright1p@blogspot.com,2016-11-15 22:16:40,2018-03-09 14:39:14
63,abeers1q@gizmodo.com,2016-06-11 18:20:20,2017-12-14 03:45:17
64,rmeek1r@163.com,2016-12-30 11:54:52,2018-02-08 02:39:19
65,hsneller1s@netlog.com,2017-01-08 17:07:32,2018-01-30 04:28:02
66,cseint1t@foxnews.com,2016-10-13 21:49:06,2018-12-31 10:54:21
67,cmcdowall1u@yellowbook.com,2017-04-26 22:10:44,2018-05-23 00:11:14
68,rbohlingolsen1v@taobao.com,2016-07-09 07:24:42,2017-09-13 16:41:37
69,apratty1w@soup.io,2016-11-07 20:51:18,2017-09-25 18:36:48
70,mkarran1x@delicious.com,2016-04-04 19:00:57,2018-03-21 13:09:12
71,ceastway1y@amazon.co.jp,2016-07-15 16:06:57,2018-12-21 04:26:14
72,ojakubowicz1z@walmart.com,2016-06-28 14:34:25,2017-07-09 14:59:21
73,mespino20@nih.gov,2016-12-12 17:42:30,2018-02-12 22:25:34
74,cdigiacomettino21@alexa.com,2016-07-09 11:47:25,2017-11-06 15:02:50
75,etudbald22@dropbox.com,2017-02-25 17:58:58,2017-12-01 21:50:59
76,ymccroft23@imdb.com,2016-11-07 17:28:33,2018-10-12 12:15:47
77,bgorbell24@tripadvisor.com,2017-04-22 13:16:39,2019-01-13 21:30:09
78,bgabe25@businessinsider.com,2016-03-31 01:21:34,2017-06-16 22:23:08
79,smacpike26@who.int,2017-04-29 07:44:20,2018-04-07 10:48:23
80,llewsy27@un.org,2016-07-29 23:59:56,2018-11-22 05:54:42
81,tseverns28@ucla.edu,2016-09-23 07:20:53,2018-06-04 02:47:41
82,hpicton29@usda.gov,2017-04-18 08:19:01,2017-07-12 15:40:22
83,vdorton2a@xing.com,2016-05-03 08:44:50,2019-01-28 23:45:14
84,dbucklan2b@yolasite.com,2016-07-22 00:53:09,2018-05-17 22:07:22
85,eavieson2c@google.ru,2016-03-28 09:21:06,2018-10-02 04:05:20
86,mmccutcheon2d@businessinsider.com,2016-05-09 16:34:20,2018-07-28 06:56:35
87,mrawnsley2e@jalbum.net,2016-09-12 19:36:24,2017-07-17 17:27:00
88,erieme2f@earthlink.net,2016-12-18 03:15:37,2017-09-26 18:04:26
89,ehymor2g@ning.com,2016-10-21 08:04:17,2018-05-22 06:40:23
90,lmcilvenna2h@com.com,2017-01-08 10:32:41,2018-11-04 00:23:15
91,rtreble2i@apple.com,2016-03-15 19:04:06,2019-03-10 20:08:02
92,mvaggs2j@list-manage.com,2016-11-18 18:34:27,2017-12-29 09:50:27
93,earnli2k@globo.com,2016-10-19 18:39:19,2019-02-04 05:36:31
94,sriddington2l@cocolog-nifty.com,2017-04-10 07:12:29,2017-12-18 08:55:07
95,msenecaut2m@bing.com,2016-10-07 15:37:31,2018-06-13 13:48:54
96,kofer2n@whitehouse.gov,2016-11-02 09:53:57,2018-04-22 00:40:08
97,abalfe2o@webnode.com,2016-10-25 11:04:37,2018-06-15 22:58:19
98,pryton2p@networkadvertising.org,2016-07-31 00:51:10,2019-01-21 04:07:20
99,rrushmer2q@1und1.de,2016-09-06 22:25:29,2017-09-02 22:32:42
100,bgerg2r@ebay.com,2016-08-13 11:23:20,2017-09-30 20:09:47
101,ldanett2s@sun.com,2016-05-12 22:09:34,2017-11-15 12:57:48
102,jaucourte2t@gizmodo.com,2017-02-27 00:43:00,2018-03-02 04:22:58
103,ekiggel2u@e-recht24.de,2017-04-15 17:39:14,2018-11-09 01:40:45
104,dcowlishaw2v@who.int,2016-08-18 04:41:23,2017-11-06 03:34:08
105,mgniewosz2w@redcross.org,2016-04-21 04:52:03,2018-10-12 03:39:47
106,edequincey2x@about.com,2017-03-07 02:35:51,2017-10-16 11:56:11
107,bfrancke2y@seesaa.net,2017-03-05 22:40:45,2019-02-09 18:41:10
108,caikin2z@themeforest.net,2017-05-11 17:31:20,2018-07-28 23:56:20
109,cpinyon30@comsenz.com,2017-03-07 17:30:54,2018-10-01 10:21:35
110,mbrimilcombe31@livejournal.com,2016-07-25 13:44:47,2017-10-02 16:20:22
111,bmaty32@photobucket.com,2016-07-12 06:28:06,2018-09-12 20:27:16
112,boliveira33@imdb.com,2017-01-09 15:26:10,2019-01-22 16:18:57
113,slegges34@goodreads.com,2016-09-21 04:43:27,2017-09-28 05:10:36
114,ndahlman35@webmd.com,2016-09-30 07:28:51,2018-07-31 05:10:44
115,smontel36@homestead.com,2016-09-18 21:55:09,2019-02-23 23:24:57
116,isimko37@flickr.com,2017-05-29 15:14:38,2017-12-12 08:33:28
117,cginity38@foxnews.com,2016-12-25 13:30:34,2018-06-27 19:03:07
118,alarmor39@vinaora.com,2016-10-07 22:24:31,2017-06-20 14:05:56
119,nenriques3a@upenn.edu,2017-02-26 00:56:55,2018-09-19 14:29:51
120,nodowling3b@newsvine.com,2016-10-19 17:08:22,2017-10-26 21:23:57
121,aconibeer3c@foxnews.com,2016-06-04 05:48:02,2017-10-26 13:11:14
122,adoulton3d@utexas.edu,2017-04-12 05:57:44,2018-12-01 20:50:33
123,lgrowden3e@ovh.net,2016-04-21 13:16:35,2017-11-21 04:38:40
124,rfeild3f@freewebs.com,2016-12-12 21:28:10,2018-08-16 08:48:29
125,epetrovic3g@harvard.edu,2016-08-16 16:28:19,2018-01-09 05:26:25
126,ltombling3h@ebay.co.uk,2016-07-01 14:14:20,2018-08-26 20:33:51
127,hbernaciak3i@examiner.com,2017-03-06 15:15:02,2017-10-17 02:10:46
128,rcraydon3j@time.com,2016-09-19 05:51:40,2017-09-10 01:21:14
129,ewickling3k@reverbnation.com,2017-03-11 01:40:13,2017-09-02 20:51:27
130,wwhitsun3l@amazon.de,2016-12-04 03:40:42,2018-08-24 13:55:59
131,igittose3m@mayoclinic.com,2016-12-15 10:26:43,2018-12-26 14:35:37
132,plakin3n@shop-pro.jp,2016-04-22 21:56:58,2018-08-19 20:15:24
133,satwell3o@accuweather.com,2016-05-15 04:39:42,2017-12-11 14:47:24
134,efavel3p@unc.edu,2016-06-17 09:25:58,2017-11-09 07:34:37
135,qnorthgraves3q@e-recht24.de,2016-11-26 11:47:12,2017-08-05 20:33:13
136,jverling3r@accuweather.com,2016-12-15 15:47:36,2018-10-29 06:03:17
137,agallihawk3s@ox.ac.uk,2017-02-07 01:44:13,2017-07-02 23:57:17
138,adelwater3t@google.es,2017-03-18 04:31:50,2018-03-09 04:41:27
139,alingard3u@cbc.ca,2016-11-17 23:49:32,2018-06-21 01:58:41
140,nmardee3v@techcrunch.com,2016-07-17 12:49:53,2018-09-18 18:03:24
141,etrebilcock3w@yahoo.com,2017-02-15 00:21:36,2018-12-11 18:54:10
142,terrowe3x@adobe.com,2017-01-26 00:44:42,2018-10-22 01:21:00
143,jstollenhof3y@e-recht24.de,2016-03-22 23:27:05,2018-01-27 03:04:02
144,smacentee3z@cisco.com,2016-06-02 16:41:37,2018-01-25 21:38:19
145,lwrittle40@loc.gov,2016-11-25 23:43:32,2018-11-27 10:28:34
146,rhammor41@nsw.gov.au,2016-07-30 08:20:08,2018-02-14 17:34:04
147,cmartin42@telegraph.co.uk,2016-10-03 12:06:48,2017-11-07 21:38:41
148,eboylin43@g.co,2016-04-19 16:49:23,2018-07-25 10:49:09
149,mclaricoates44@gnu.org,2016-04-14 07:04:46,2018-09-21 11:57:58
150,ntubby45@nps.gov,2016-10-12 05:25:01,2018-10-17 07:19:54
151,cbaulk46@bbc.co.uk,2017-04-14 04:59:22,2018-05-29 04:16:56
152,mambage47@opensource.org,2016-08-15 08:23:07,2017-09-17 07:36:17
153,lforde48@ifeng.com,2016-05-25 11:32:45,2018-06-07 08:21:14
154,stogwell49@earthlink.net,2017-04-02 00:23:47,2018-08-11 11:11:12
155,mgaenor4a@bbb.org,2016-07-27 17:13:23,2018-05-22 01:18:38
156,dmelledy4b@home.pl,2016-04-19 11:05:22,2018-06-13 04:25:50
157,lpenton4c@ow.ly,2017-04-18 21:05:16,2018-02-12 20:13:45
158,eosler4d@booking.com,2017-02-21 08:12:24,2018-05-10 23:20:09
159,ekitcatt4e@google.co.jp,2016-05-06 02:24:55,2017-11-13 10:39:07
160,tgivens4f@arizona.edu,2016-10-07 05:13:42,2017-10-07 15:29:16
161,ekesper4g@exblog.jp,2017-03-18 02:20:07,2019-02-19 22:01:04
162,hpoles4h@soup.io,2017-03-05 10:50:34,2017-10-23 01:13:55
163,bgriffoen4i@rakuten.co.jp,2016-06-29 03:10:15,2017-08-12 13:47:07
164,afancutt4j@discuz.net,2016-06-09 01:40:01,2018-09-05 13:58:39
165,jbecke4k@naver.com,2016-05-20 10:12:38,2017-09-29 10:01:47
166,cloads4l@theguardian.com,2017-02-12 08:23:33,2018-07-22 01:15:00
167,mfouldes4m@twitter.com,2017-01-28 22:16:09,2018-08-18 04:39:33
168,mbroady4n@blog.com,2017-03-13 20:30:39,2018-08-09 16:47:34
169,csilwood4o@mysql.com,2017-05-28 01:32:04,2018-07-23 22:41:37
170,ghamson4p@newyorker.com,2017-03-01 21:02:42,2018-03-03 16:10:23
171,ahingeley4q@printfriendly.com,2016-06-04 14:41:41,2017-11-12 05:42:17
172,ddudmarsh4r@yale.edu,2016-05-15 16:03:46,2019-01-23 22:34:33
173,bhacker4s@cnbc.com,2017-04-02 11:06:55,2018-09-24 12:04:33
174,aseagar4t@163.com,2017-02-28 03:23:27,2017-07-20 14:46:55
175,arossant4u@pinterest.com,2016-12-20 13:42:06,2018-08-21 17:39:20
176,hmanueau4v@bizjournals.com,2017-05-16 08:45:22,2018-10-06 13:13:39
177,mleyban4w@ca.gov,2017-03-15 09:07:17,2018-03-20 07:26:23
178,tgillfillan4x@jiathis.com,2016-11-03 21:31:18,2017-07-25 11:07:38
179,mhullbrook4y@blogger.com,2016-09-29 01:01:58,2018-05-11 16:59:20
180,vower4z@nih.gov,2017-06-04 02:10:40,2018-03-28 08:34:08
181,kpetrasso50@ucoz.ru,2016-10-20 03:24:31,2019-02-04 00:31:10
182,ispearing51@1und1.de,2017-02-19 16:26:11,2018-10-10 15:48:04
183,emeran52@samsung.com,2017-02-14 19:45:21,2018-06-01 14:20:33
184,dserfati53@ustream.tv,2017-01-09 16:44:12,2018-03-10 13:58:51
185,chaimes54@army.mil,2017-05-30 16:04:43,2017-12-28 22:58:04
186,spetford55@senate.gov,2016-06-21 05:23:54,2018-06-16 08:04:30
187,amaine56@mozilla.com,2016-03-15 19:16:33,2018-11-24 13:47:55
188,cglandon57@hugedomains.com,2016-06-24 02:13:15,2018-04-28 20:01:18
189,bdoerr58@diigo.com,2016-11-26 05:30:32,2019-02-18 20:17:56
190,etixier59@zimbio.com,2016-05-30 01:19:05,2017-08-02 17:27:45
191,gjoesbury5a@hubpages.com,2016-08-09 14:56:48,2018-09-25 18:41:57
192,dlandsberg5b@sciencedirect.com,2016-06-30 06:18:43,2018-11-11 07:44:46
193,mreid5c@feedburner.com,2017-03-03 11:32:58,2018-09-16 12:00:33
194,emoncrefe5d@pbs.org,2016-05-14 10:08:38,2019-02-05 07:59:59
195,ylingard5e@home.pl,2016-07-04 15:45:27,2017-09-30 22:01:46
196,mgaraway5f@slideshare.net,2016-07-14 03:17:06,2017-07-03 15:36:30
197,hkalker5g@umn.edu,2017-02-16 04:37:23,2018-02-03 12:20:36
198,wmeth5h@artisteer.com,2016-04-12 02:40:07,2018-02-23 10:14:43
199,epirt5i@mapquest.com,2017-03-08 13:10:35,2019-02-05 07:35:10
200,pbosson5j@army.mil,2016-12-15 00:21:27,2017-10-05 15:20:15
201,cbrome5k@phoca.cz,2016-12-02 01:14:03,2018-08-24 05:11:49
202,tcrosio5l@barnesandnoble.com,2016-11-20 16:16:39,2018-10-19 00:30:15
203,wdodamead5m@wordpress.com,2016-10-08 23:43:28,2019-02-15 12:51:06
204,dbelli5n@tiny.cc,2017-03-30 04:29:13,2018-08-07 16:29:50
205,lchettle5o@walmart.com,2016-11-15 21:58:49,2017-08-18 08:28:02
206,mmcelroy5p@newsvine.com,2016-03-27 01:48:55,2017-08-03 16:52:21
207,chabershaw5q@freewebs.com,2016-06-03 23:36:39,2018-04-15 06:00:20
208,npennycock5r@springer.com,2016-04-23 04:53:27,2019-01-16 10:38:40
209,hcoward5s@ehow.com,2016-06-22 05:56:26,2019-01-29 23:47:39
210,ccostanza5t@wordpress.org,2016-09-15 15:37:50,2018-06-25 17:36:33
211,ffeaks5u@samsung.com,2017-02-01 18:55:06,2018-11-05 23:05:36
212,corudden5v@cyberchimps.com,2016-08-01 14:59:05,2018-09-13 16:00:30
213,gmackimmie5w@google.ca,2016-10-07 16:50:20,2018-07-21 19:08:13
214,jburn5x@usnews.com,2016-06-22 00:30:34,2018-12-06 05:43:55
215,tmcgawn5y@wordpress.com,2016-12-17 05:53:12,2018-04-12 14:23:16
216,dspeaks5z@baidu.com,2016-03-31 20:31:36,2018-06-24 02:20:00
217,vethridge60@meetup.com,2016-11-18 03:02:56,2018-03-01 23:31:06
218,gmacevilly61@youtu.be,2016-09-30 07:32:23,2018-07-06 22:31:50
219,cfollan62@umich.edu,2017-05-20 20:18:22,2018-08-10 14:59:36
220,zgorry63@soup.io,2017-06-14 19:52:53,2018-12-07 06:12:13
221,lbearcock64@newyorker.com,2016-10-05 00:48:16,2018-11-17 12:45:51
222,cmateu65@pbs.org,2016-12-03 20:59:01,2018-09-01 00:49:17
223,dsketh66@ebay.co.uk,2017-02-08 04:29:54,2018-06-22 00:11:26
224,smclenahan67@cbsnews.com,2017-05-19 11:57:25,2018-08-30 21:42:24
225,hlebbon68@e-recht24.de,2016-06-08 02:09:18,2018-05-14 14:33:02
226,tdelong69@google.de,2016-10-19 03:01:34,2018-06-11 19:08:19
227,tlaytham6a@g.co,2016-08-03 06:20:23,2018-03-11 19:57:59
228,oscatchar6b@nytimes.com,2016-04-28 13:47:55,2018-08-09 17:17:02
229,eaxelbee6c@youku.com,2017-05-14 20:01:04,2018-03-02 18:44:46
230,ldelia6d@wordpress.org,2016-05-24 01:21:32,2017-07-15 01:20:31
231,llarmuth6e@webmd.com,2017-02-28 17:29:29,2018-04-27 02:55:33
232,mburlingame6f@lulu.com,2016-10-20 18:06:48,2018-09-09 22:19:18
233,wfillery6g@timesonline.co.uk,2016-05-29 06:38:46,2018-12-07 18:24:47
234,iriedel6h@rediff.com,2017-03-17 12:18:37,2018-06-08 15:51:33
235,lcolcomb6i@state.tx.us,2016-11-02 05:41:48,2017-12-18 03:57:18
236,gjacomb6j@t-online.de,2017-04-05 21:37:24,2018-05-16 10:59:08
237,sshirtcliffe6k@theglobeandmail.com,2017-03-13 09:49:02,2018-02-12 20:20:51
238,mcadogan6l@sfgate.com,2016-11-08 15:47:41,2019-02-21 13:19:40
239,jbrierly6m@so-net.ne.jp,2017-04-12 13:11:06,2019-01-03 18:44:05
240,candrag6n@ezinearticles.com,2017-02-25 19:08:34,2019-02-19 08:27:24
241,bcufflin6o@networksolutions.com,2017-05-18 06:55:01,2017-08-10 03:16:13
242,mkiebes6p@amazon.de,2016-03-21 03:15:13,2018-01-08 15:30:08
243,sdemendoza6q@nbcnews.com,2016-03-30 04:12:14,2019-01-16 21:56:34
244,jritchman6r@xinhuanet.com,2016-08-10 21:50:05,2017-09-08 08:04:04
245,fgatecliffe6s@latimes.com,2017-05-15 18:44:14,2018-11-09 06:13:44
246,ngollard6t@unesco.org,2017-04-22 16:01:46,2017-06-24 03:52:31
247,mhavill6u@cbsnews.com,2016-09-28 17:03:12,2017-12-20 17:17:35
248,bworvill6v@feedburner.com,2016-12-25 10:25:48,2017-06-30 00:03:20
249,ngoter6w@alexa.com,2016-11-05 19:45:21,2018-12-04 02:27:46
250,bgantley6x@ca.gov,2016-05-22 03:45:41,2018-10-24 02:42:48
251,cheningam6y@usatoday.com,2017-05-25 01:00:04,2018-05-20 10:33:32
252,schumley6z@freewebs.com,2017-01-08 18:48:56,2018-10-26 00:28:43
253,fwright70@hugedomains.com,2017-03-17 17:05:45,2018-07-14 15:19:34
254,fguillot71@meetup.com,2017-04-13 11:04:08,2019-01-18 06:16:27
255,mdoyle72@telegraph.co.uk,2017-03-07 22:40:34,2017-09-13 05:41:48
256,eelion73@imageshack.us,2016-08-29 08:07:57,2017-10-24 09:55:57
257,ddequincey74@privacy.gov.au,2017-05-09 10:35:50,2018-10-14 14:25:57
258,ksearight75@tmall.com,2016-07-13 19:27:18,2018-06-19 17:52:48
259,cpeidro76@skype.com,2016-03-28 09:22:44,2019-01-27 12:07:45
260,vfaldo77@apple.com,2016-06-25 09:31:57,2017-07-07 23:01:31
261,blangcastle78@clickbank.net,2016-03-19 06:56:43,2017-10-31 09:19:25
262,knyles79@dell.com,2017-05-19 15:19:30,2018-10-07 05:17:51
263,cbordis7a@flickr.com,2016-12-13 07:07:05,2017-12-31 23:29:50
264,fdebenham7b@census.gov,2016-12-25 17:04:01,2019-02-23 20:56:37
265,coley7c@nsw.gov.au,2016-04-16 11:46:55,2018-04-26 21:40:44
266,mtivers7d@wix.com,2017-01-07 22:11:07,2019-01-26 14:28:48
267,bsmaleman7e@amazon.co.jp,2016-09-29 00:05:13,2017-08-17 06:07:15
268,pbennedick7f@gmpg.org,2017-05-04 13:58:10,2018-04-21 22:59:23
269,nsallings7g@disqus.com,2016-06-01 22:15:30,2017-08-14 01:30:57
270,bmcniven7h@google.co.jp,2016-03-16 11:08:17,2017-09-01 19:59:32
271,rzouch7i@theatlantic.com,2017-05-03 01:01:36,2018-07-21 22:49:02
272,aaleksankov7j@wikimedia.org,2016-10-22 14:43:23,2017-10-17 13:12:08
273,bhefforde7k@networksolutions.com,2016-04-18 15:01:00,2018-01-14 21:44:32
274,mpoxson7l@yahoo.com,2017-01-23 17:39:39,2018-11-16 07:47:28
275,mramalhete7m@w3.org,2016-07-26 19:25:46,2018-05-06 05:00:23
276,igrastye7n@fastcompany.com,2016-05-10 07:54:35,2018-09-02 13:00:01
277,ccloake7o@intel.com,2017-01-30 09:29:17,2018-01-11 06:50:58
278,pdeabill7p@hc360.com,2017-05-05 08:07:27,2018-03-22 02:48:29
279,aaccomb7q@plala.or.jp,2016-06-04 08:47:18,2018-07-16 22:11:22
280,tpollak7r@desdev.cn,2017-01-29 02:55:11,2018-11-23 22:11:10
281,rlunam7s@washington.edu,2016-05-26 17:30:42,2019-01-11 18:26:27
282,destabrook7t@tinypic.com,2016-11-21 21:33:53,2018-12-16 07:40:36
283,arisbridger7u@instagram.com,2017-06-01 13:07:09,2018-08-23 18:03:14
284,dbarcke7v@shutterfly.com,2017-02-12 17:46:47,2018-01-09 00:29:08
285,eluckie7w@nifty.com,2017-02-05 05:58:12,2018-12-12 03:00:34
286,cmacgibbon7x@java.com,2016-05-03 21:18:14,2018-08-09 11:40:46
287,ystandbrooke7y@prlog.org,2017-01-26 00:13:37,2017-11-14 21:33:34
288,mlippiatt7z@comsenz.com,2017-05-25 12:39:55,2019-01-25 09:00:03
289,csondon80@altervista.org,2016-03-26 01:26:13,2018-11-20 08:25:55
290,prawcliff81@time.com,2017-01-18 05:15:08,2017-08-04 14:28:01
291,dgillooly82@privacy.gov.au,2016-08-09 22:37:11,2017-10-03 06:50:20
292,rimmings83@edublogs.org,2016-04-05 10:19:00,2018-10-15 16:12:53
293,agopsell84@cargocollective.com,2016-06-14 02:23:21,2019-01-25 14:03:56
294,mkilligrew85@businessweek.com,2016-11-15 06:22:17,2017-12-29 08:04:36
295,jkeach86@nature.com,2017-05-14 12:17:50,2018-09-05 05:53:26
296,jverduin87@youku.com,2016-03-31 18:12:43,2018-06-18 07:21:36
297,bcrosskill88@telegraph.co.uk,2017-03-15 01:04:01,2017-09-21 17:41:09
298,sclover89@adobe.com,2016-07-30 22:09:07,2017-07-24 10:28:49
299,bjordison8a@posterous.com,2016-05-20 01:57:14,2017-07-13 08:09:42
300,oemmens8b@gizmodo.com,2017-04-27 10:11:53,2019-02-25 05:03:17
301,elucock8c@virginia.edu,2017-05-23 13:19:25,2017-07-22 03:46:37
302,lzanetello8d@stumbleupon.com,2016-11-29 06:19:10,2018-01-29 09:31:07
303,udows8e@wikia.com,2017-04-10 04:37:29,2018-05-18 17:01:52
304,eoles8f@latimes.com,2016-09-30 06:29:25,2018-10-04 14:49:38
305,aphillott8g@bbb.org,2016-09-04 12:14:49,2018-01-14 03:16:10
306,pplesing8h@blog.com,2016-11-29 21:58:03,2017-12-09 15:17:20
307,jmckevitt8i@de.vu,2016-09-02 23:49:05,2017-07-30 07:04:34
308,ggillies8j@ehow.com,2017-04-06 09:22:53,2018-02-06 17:35:23
309,lpowter8k@bloglovin.com,2016-11-09 22:46:04,2018-07-31 12:37:33
310,whalpine8l@nymag.com,2016-11-14 11:58:57,2018-03-05 20:37:14
311,cshasnan8m@spotify.com,2016-04-13 23:35:17,2018-10-23 23:52:32
312,sbertholin8n@wikipedia.org,2016-12-24 06:17:39,2018-03-22 19:10:55
313,gbrown8o@unicef.org,2016-12-03 16:54:30,2018-06-15 05:34:38
314,snequest8p@canalblog.com,2016-06-01 17:04:28,2017-09-03 00:05:51
315,fmichal8q@nps.gov,2016-08-08 16:49:43,2018-05-02 11:31:56
316,smelley8r@nytimes.com,2017-05-26 17:50:27,2018-08-13 06:24:55
317,tapperley8s@fastcompany.com,2017-04-21 12:02:01,2018-02-28 12:24:32
318,rmacfayden8t@dyndns.org,2016-10-15 11:58:19,2017-06-18 01:41:10
319,mkillough8u@pen.io,2016-07-29 20:46:15,2018-02-14 11:08:38
320,nsurplice8v@epa.gov,2017-04-20 19:49:20,2019-02-23 01:01:30
321,sshackleford8w@topsy.com,2017-02-07 05:22:44,2017-12-24 19:37:09
322,gpolglase8x@vistaprint.com,2016-07-18 10:20:20,2018-02-05 16:21:05
323,srichten8y@java.com,2016-07-28 07:43:51,2018-12-16 17:32:04
324,klebretondelavieuville8z@ehow.com,2017-04-29 01:16:09,2018-04-13 23:26:09
325,cpasso90@squarespace.com,2016-10-01 22:07:12,2018-01-15 21:06:31
326,cbebb91@goo.ne.jp,2016-11-02 03:02:52,2018-05-15 12:47:02
327,anevet92@nba.com,2016-12-05 05:21:13,2018-07-09 02:09:01
328,sneeves93@washingtonpost.com,2016-07-23 06:37:48,2018-07-19 19:42:57
329,aoshee94@house.gov,2016-11-24 17:56:38,2019-02-04 04:20:57
330,dbremley95@studiopress.com,2017-03-29 07:50:03,2017-12-08 17:44:04
331,tstronghill96@marriott.com,2016-11-15 17:21:16,2017-07-09 12:20:44
332,chearst97@rakuten.co.jp,2016-10-27 08:41:27,2018-12-12 12:16:32
333,edodding98@state.gov,2016-12-28 18:37:18,2019-02-19 00:13:40
334,makers99@usnews.com,2016-07-31 06:21:00,2019-02-21 21:32:06
335,vworge9a@deviantart.com,2017-05-07 00:42:42,2018-08-12 15:58:22
336,ldrakard9b@github.io,2016-03-22 14:24:15,2018-07-19 05:19:25
337,sandrez9c@spotify.com,2017-03-23 09:19:01,2018-03-02 18:42:57
338,adefilippo9d@youku.com,2017-05-01 20:10:23,2018-03-11 05:42:17
339,gsaterweyte9e@rambler.ru,2017-05-06 07:35:36,2019-03-08 20:41:40
340,cwraith9f@hc360.com,2017-03-08 14:36:03,2018-11-24 20:13:20
341,msalvatore9g@scientificamerican.com,2016-04-09 21:17:10,2017-12-16 10:33:05
342,fpybus9h@rakuten.co.jp,2016-09-05 18:37:43,2018-02-04 00:24:03
343,mmiddleditch9i@devhub.com,2017-02-04 11:47:01,2017-11-01 09:35:57
344,gsowerby9j@bloomberg.com,2016-12-21 13:08:28,2017-11-18 02:55:33
345,mcrilly9k@go.com,2016-04-29 07:31:07,2018-07-19 09:19:29
346,kchallender9l@webnode.com,2017-01-30 23:21:19,2018-05-26 22:23:08
347,istrettle9m@comsenz.com,2016-12-12 02:59:09,2019-02-18 08:35:53
348,sivchenko9n@wikia.com,2016-11-12 15:17:16,2018-05-26 09:04:34
349,cdarnborough9o@npr.org,2016-09-20 23:04:58,2018-02-19 06:34:14
350,cmacgiany9p@phoca.cz,2017-01-10 18:00:20,2018-05-10 16:05:58
351,lfinicj9q@java.com,2016-04-18 04:06:09,2017-12-01 05:28:41
352,dduff9r@japanpost.jp,2016-08-11 03:43:18,2018-09-18 10:30:36
353,arusse9s@google.com.au,2017-02-18 07:10:38,2018-11-06 06:42:05
354,kdjokic9t@biglobe.ne.jp,2017-01-19 00:55:10,2018-02-09 19:11:32
355,hjansie9u@cdc.gov,2016-07-30 06:42:15,2019-02-25 22:16:27
356,ddregan9v@linkedin.com,2016-04-03 12:27:45,2017-10-14 02:56:03
357,erosell9w@tinyurl.com,2016-10-08 21:48:27,2018-03-26 18:13:43
358,jdelahunt9x@webmd.com,2016-12-21 09:35:56,2018-01-12 03:24:38
359,mhast9y@ehow.com,2016-07-07 10:12:01,2018-09-02 11:56:50
360,sind9z@scientificamerican.com,2016-06-13 02:05:50,2018-08-05 02:41:22
361,vwheelbanda0@cnn.com,2016-04-24 14:43:36,2017-10-23 13:58:48
362,klefrieca1@unesco.org,2016-12-11 09:51:01,2018-02-01 05:08:28
363,ptayldera2@a8.net,2017-02-01 02:31:27,2017-11-11 13:22:47
364,mdinapolia3@tinypic.com,2016-04-21 10:36:44,2018-09-08 11:02:59
365,tpopeleya4@earthlink.net,2016-11-06 17:22:24,2018-03-20 20:01:23
366,bfraanchyonoka5@globo.com,2016-07-26 11:06:24,2018-04-29 14:35:46
367,koxborougha6@unicef.org,2017-02-24 21:03:48,2017-09-24 01:18:25
368,trowlya7@paginegialle.it,2016-07-18 10:00:38,2018-11-05 17:25:49
369,creagana8@sfgate.com,2017-05-13 16:15:49,2018-04-30 16:05:08
370,wboscha9@fda.gov,2016-10-05 02:19:26,2017-12-30 21:02:50
371,mguidelliaa@un.org,2016-06-13 08:23:00,2017-07-20 16:04:20
372,lcranmerab@surveymonkey.com,2017-05-23 02:49:08,2017-07-12 17:50:48
373,vdawidsohnac@example.com,2017-04-26 21:04:50,2018-05-03 15:16:19
374,aeddiead@seesaa.net,2017-01-11 02:19:19,2018-08-29 15:55:02
375,lfiskeae@paginegialle.it,2016-12-15 23:48:56,2018-02-01 02:00:58
376,rpeschkaaf@mozilla.com,2016-09-28 17:23:59,2018-03-25 00:03:19
377,aharkinsag@webnode.com,2017-05-05 15:01:12,2017-09-13 02:51:00
378,agandarah@cisco.com,2016-08-10 04:10:54,2017-08-14 21:45:48
379,lpineai@miitbeian.gov.cn,2016-05-22 17:43:35,2018-08-01 05:31:53
380,mransomeaj@jiathis.com,2016-05-17 23:43:44,2018-02-09 16:58:42
381,nlinscottak@mlb.com,2017-05-31 14:16:56,2017-10-18 15:07:15
382,ahumbertal@so-net.ne.jp,2017-04-23 01:26:13,2017-10-07 13:24:33
383,svanelliam@homestead.com,2016-10-05 23:33:59,2017-07-13 12:26:17
384,ealleburtonan@amazon.co.jp,2016-11-27 07:05:04,2017-11-22 17:06:15
385,rsciussciettoao@macromedia.com,2016-12-23 14:39:18,2017-12-03 10:11:12
386,sbugdallap@wordpress.org,2016-12-11 07:28:13,2018-11-04 00:11:22
387,nhuthartaq@marriott.com,2016-10-19 12:25:36,2018-02-06 04:33:38
388,vweiserar@blinklist.com,2017-01-13 09:10:51,2017-10-10 11:53:46
389,jhelstripas@nytimes.com,2017-03-30 16:21:50,2018-11-21 15:02:48
390,jbankat@reverbnation.com,2016-07-09 06:13:45,2019-03-07 05:22:17
391,cmclearyau@free.fr,2016-12-09 15:34:18,2017-09-29 07:33:16
392,tkennonav@boston.com,2016-05-08 13:56:38,2019-03-09 15:35:38
393,npetkensaw@squidoo.com,2016-04-16 12:56:08,2017-08-31 17:36:39
394,snorthcoteax@imageshack.us,2017-02-03 15:58:56,2017-07-25 10:55:35
395,kfeasbyay@java.com,2016-12-23 15:04:41,2018-01-10 23:05:50
396,pgerneraz@a8.net,2016-06-20 05:12:16,2017-07-20 15:17:00
397,jedlandb0@mozilla.com,2016-05-02 07:34:24,2017-11-15 03:20:46
398,spenmanb1@shutterfly.com,2017-04-12 22:34:48,2017-09-30 09:48:40
399,opennuzzib2@google.ca,2016-09-26 09:50:56,2017-08-14 00:36:15
400,rbaggettb3@huffingtonpost.com,2016-06-20 15:40:33,2018-11-06 06:45:02
401,aarborb4@scientificamerican.com,2016-04-02 15:54:56,2018-06-26 11:54:02
402,cmacdermandb5@rambler.ru,2016-06-30 04:36:53,2018-12-27 15:33:11
403,gseigniorb6@google.cn,2016-09-05 14:44:30,2018-05-20 14:45:10
404,nfrickerb7@bloomberg.com,2016-06-14 23:00:23,2019-03-03 13:08:32
405,kcaskieb8@rambler.ru,2016-06-24 11:42:24,2018-02-17 11:54:15
406,cdunkb9@wikipedia.org,2016-09-08 05:14:51,2018-04-21 16:31:18
407,vmaraba@illinois.edu,2016-07-08 17:57:20,2018-12-30 02:17:08
408,jrolfinibb@mit.edu,2017-03-25 09:42:59,2019-01-28 18:41:58
409,meakebc@amazonaws.com,2016-08-13 07:23:15,2019-01-31 14:58:32
410,jpiercebd@vimeo.com,2016-04-25 16:47:53,2017-07-14 11:04:57
411,dvlasenkovbe@loc.gov,2016-09-12 08:15:08,2017-12-09 20:53:21
412,fdohmsbf@samsung.com,2016-04-14 23:35:02,2018-10-21 19:49:00
413,ogronallerbg@ow.ly,2016-05-08 04:16:44,2018-12-08 06:02:00
414,rkennabh@weebly.com,2017-06-08 20:47:47,2017-09-03 22:44:55
415,tkempsterbi@cnet.com,2016-07-22 03:57:22,2018-08-01 06:22:45
416,hbrightwellbj@wikipedia.org,2016-07-03 23:43:22,2018-08-28 20:09:34
417,ntottonbk@indiatimes.com,2017-02-25 21:21:58,2019-01-07 07:12:40
418,kbriertonbl@nsw.gov.au,2017-01-14 11:34:09,2018-01-21 14:38:55
419,merridgebm@tinypic.com,2016-08-06 13:30:47,2017-11-20 13:57:12
420,arodenburghbn@xing.com,2016-04-18 05:17:41,2018-04-30 17:18:14
421,gallmondbo@free.fr,2017-03-05 01:04:57,2018-07-21 06:24:18
422,hvereybp@vk.com,2016-09-28 01:56:25,2017-12-05 13:34:49
423,wdreghornbq@ycombinator.com,2016-08-22 04:53:04,2018-09-23 15:10:04
424,cewebankbr@edublogs.org,2016-08-15 17:22:18,2017-06-20 16:20:09
425,atoplissbs@opera.com,2016-10-20 00:16:49,2018-12-30 05:51:51
426,ayannebt@liveinternet.ru,2016-11-22 18:43:13,2018-05-27 23:18:50
427,grehorbu@51.la,2017-05-06 14:50:07,2018-09-23 16:10:36
428,bgantbv@google.co.jp,2017-03-16 03:24:21,2018-01-07 02:10:52
429,ndeboickbw@ihg.com,2017-05-07 15:53:22,2017-10-25 07:16:14
430,fpiggottbx@nps.gov,2016-09-18 16:43:47,2018-08-05 04:59:47
431,hslaightby@uiuc.edu,2016-11-04 23:27:50,2018-01-04 07:07:51
432,lshadrachbz@discovery.com,2017-01-06 03:31:34,2018-01-15 15:15:05
433,gbeaginc0@buzzfeed.com,2016-08-11 04:36:39,2017-11-20 10:24:32
434,jarmatagec1@microsoft.com,2016-10-23 19:08:50,2018-12-18 13:41:01
435,cwoodesc2@rakuten.co.jp,2016-03-23 03:00:33,2018-05-13 16:06:30
436,pjozsefc3@istockphoto.com,2016-05-06 13:16:40,2017-12-28 02:58:30
437,mnarrawayc4@mayoclinic.com,2016-04-21 22:43:34,2018-03-12 01:37:26
438,amackeoghc5@indiegogo.com,2016-05-16 13:52:22,2018-07-01 13:55:45
439,ireolfic6@dailymail.co.uk,2016-10-16 20:44:05,2017-12-22 01:33:05
440,jackeroydc7@freewebs.com,2016-10-26 07:15:29,2018-03-31 16:57:34
441,ejackettc8@furl.net,2017-01-18 11:07:18,2018-05-06 17:03:32
442,gdomeneyc9@bloomberg.com,2017-05-26 17:03:59,2018-11-20 21:13:49
443,lforbesca@discuz.net,2016-09-29 21:50:13,2019-02-22 16:13:51
444,ecastreecb@bbb.org,2016-04-15 01:01:58,2018-09-30 16:21:15
445,rhorchecc@ft.com,2016-06-18 04:48:03,2018-12-03 13:59:39
446,bwinmancd@blinklist.com,2017-04-14 07:36:02,2019-01-24 10:38:26
447,tcorbishleyce@independent.co.uk,2016-07-07 04:15:57,2017-11-29 20:44:50
448,vclokecf@goodreads.com,2016-08-10 10:23:03,2017-07-28 18:09:44
449,fjaycockscg@last.fm,2017-03-20 15:47:39,2017-06-18 08:03:36
450,jhryskiewiczch@microsoft.com,2016-10-08 19:24:56,2017-09-17 21:09:16
451,jvaughamci@archive.org,2016-06-26 15:09:08,2018-04-20 11:03:53
452,fchattocj@ebay.co.uk,2017-05-08 16:50:33,2017-06-29 17:09:10
453,aewertck@bravesites.com,2016-04-12 21:27:47,2018-12-09 00:29:52
454,lmorchcl@exblog.jp,2016-03-23 20:45:18,2017-08-19 02:12:28
455,sotterycm@microsoft.com,2017-04-12 04:36:29,2019-01-12 01:20:31
456,cwoollandcn@upenn.edu,2017-03-09 11:47:11,2017-08-19 03:22:40
457,jchristmasco@time.com,2016-07-26 23:21:56,2018-11-07 14:42:20
458,sticksallcp@woothemes.com,2016-06-16 15:29:26,2017-12-13 20:36:56
459,gdrucecq@cnbc.com,2017-03-08 11:43:29,2018-04-25 03:58:24
460,fwogdoncr@1und1.de,2017-04-28 17:24:11,2018-06-22 01:35:14
461,jsandeycs@drupal.org,2017-04-29 18:41:11,2017-10-11 21:01:43
462,sgonsaloct@businesswire.com,2017-03-20 17:23:17,2017-08-10 07:56:33
463,abirwhistlecu@dyndns.org,2017-03-20 23:11:24,2018-03-01 08:33:37
464,dmongetcv@t.co,2017-01-29 10:04:47,2018-03-17 00:13:18
465,nmcdarmidcw@omniture.com,2016-10-29 20:05:07,2018-08-28 16:22:35
466,npilmoorcx@smh.com.au,2016-10-09 14:05:03,2018-05-31 23:30:05
467,hwelbelovecy@naver.com,2017-02-27 12:09:39,2017-12-31 19:57:45
468,rkringecz@ebay.co.uk,2016-05-29 10:08:37,2018-10-03 05:09:13
469,astorkesd0@intel.com,2016-05-13 20:53:28,2018-11-13 10:10:34
470,sided1@cdc.gov,2016-06-06 03:45:03,2017-09-09 03:59:41
471,tswensond2@e-recht24.de,2016-09-30 05:38:30,2017-08-07 06:32:46
472,aianellid3@salon.com,2017-01-17 01:06:34,2017-11-01 03:28:16
473,wcortezd4@biblegateway.com,2016-12-06 20:51:07,2018-06-27 01:08:51
474,jmarderd5@cnbc.com,2016-07-11 02:41:01,2018-10-29 22:13:08
475,dfilipychevd6@g.co,2017-04-01 20:08:56,2017-11-14 17:22:52
476,yjerromed7@nyu.edu,2016-10-14 22:08:45,2018-04-10 14:49:30
477,dmatteid8@multiply.com,2016-05-16 05:36:32,2018-04-26 06:44:08
478,bcejkad9@yelp.com,2016-04-25 05:17:33,2018-04-30 00:28:53
479,dsimpoleda@shop-pro.jp,2016-06-05 18:47:38,2018-08-12 06:49:10
480,mfrancescuzzidb@addthis.com,2016-12-14 04:21:20,2017-11-10 05:51:27
481,edarthdc@shareasale.com,2017-03-21 19:22:47,2018-09-13 19:58:45
482,aleekedd@indiegogo.com,2016-08-23 12:41:42,2017-09-11 16:24:55
483,msheavillsde@bandcamp.com,2017-03-08 18:12:20,2017-11-19 16:56:57
484,coneilldf@wikispaces.com,2016-03-19 00:13:27,2018-07-28 07:06:37
485,erichingsdg@timesonline.co.uk,2016-12-13 17:14:20,2018-09-15 18:11:51
486,bwarrenerdh@google.cn,2016-04-04 11:25:17,2018-09-06 19:24:35
487,klukedi@simplemachines.org,2017-05-23 09:36:46,2018-04-10 03:18:22
488,glewzeydj@fc2.com,2017-01-10 04:30:01,2019-01-06 21:12:47
489,jjedrzejczykdk@goo.gl,2016-08-12 13:53:04,2017-09-29 21:16:30
490,cchevinsdl@blogspot.com,2017-04-22 14:36:03,2017-10-02 01:21:26
491,mfosdickdm@fotki.com,2016-04-13 00:36:05,2017-12-23 07:54:15
492,csalandn@clickbank.net,2017-01-10 23:28:59,2018-03-09 15:44:56
493,cmacgruerdo@hibu.com,2017-06-07 14:34:00,2018-01-14 09:21:52
494,abalthasardp@cbc.ca,2017-02-09 20:52:38,2019-02-04 14:57:16
495,dalkinsdq@ifeng.com,2016-03-22 06:41:04,2017-12-17 03:58:22
496,tmanuellidr@ftc.gov,2016-06-21 11:57:09,2018-11-06 16:28:26
497,scysterds@cdc.gov,2016-08-07 14:47:38,2017-07-04 00:37:30
498,alemonbydt@china.com.cn,2017-02-09 17:51:04,2018-09-20 17:55:09
499,kparkinsondu@prnewswire.com,2016-06-17 23:23:56,2019-01-24 22:40:49
500,tcrosgrovedv@squidoo.com,2016-11-13 11:31:16,2017-07-14 10:45:32
501,kmcgilldw@nifty.com,2016-05-14 00:35:40,2018-10-15 09:33:10
502,dsymsondx@businessinsider.com,2016-06-07 08:26:41,2017-12-29 03:59:18
503,nriddickdy@wikimedia.org,2016-12-31 07:55:10,2018-02-22 07:33:28
504,agrahamedz@prnewswire.com,2016-12-28 03:55:46,2019-03-12 11:59:53
505,sosorioe0@tripod.com,2016-05-05 08:24:19,2018-10-16 18:24:10
506,ejuorioe1@ifeng.com,2017-03-05 21:08:06,2018-09-10 23:45:36
507,reytele2@ning.com,2016-05-26 18:18:44,2018-06-08 14:20:19
508,gstirtlee3@icq.com,2016-08-02 04:58:09,2017-07-22 12:17:36
509,kmcclellande4@etsy.com,2016-12-23 19:56:30,2018-12-18 05:12:48
510,sjenkersone5@istockphoto.com,2017-01-27 17:48:36,2017-10-25 22:20:34
511,gphilippone6@tripadvisor.com,2016-04-25 07:51:28,2018-08-04 18:31:26
512,sretchforde7@nifty.com,2017-03-06 11:59:42,2018-03-06 05:45:35
513,cdudderidgee8@abc.net.au,2016-08-11 04:18:06,2017-07-21 01:43:46
514,bbroomere9@miibeian.gov.cn,2016-12-21 02:56:34,2018-04-07 00:33:58
515,swhippleea@nba.com,2016-07-12 04:25:09,2018-01-10 20:30:29
516,hgerckeneb@mit.edu,2017-01-30 07:33:17,2018-03-17 02:03:29
517,ktimsec@deviantart.com,2017-06-05 15:16:19,2017-06-24 00:24:15
518,jpacqueted@webnode.com,2016-04-03 06:38:49,2018-12-29 23:25:55
519,cjancicee@i2i.jp,2016-03-31 09:12:29,2017-09-17 18:25:31
520,gspraggonef@google.ru,2016-06-26 11:52:34,2018-01-21 15:34:09
521,kheistereg@wikipedia.org,2016-11-28 10:20:56,2017-08-06 17:23:34
522,rbluemaneh@deliciousdays.com,2017-02-27 00:06:23,2018-12-09 16:53:59
523,rmcquorkellei@upenn.edu,2016-05-31 08:17:00,2017-10-17 19:19:32
524,achadbourneej@smugmug.com,2016-03-24 17:19:34,2017-12-15 01:52:01
525,itotterdillek@shop-pro.jp,2016-07-05 16:07:36,2018-05-17 21:17:20
526,dgrundel@netscape.com,2016-07-17 09:40:19,2018-05-11 14:12:01
527,kcohrsem@dot.gov,2016-04-06 20:50:35,2018-05-04 02:23:53
528,palamen@army.mil,2016-05-13 11:18:42,2018-02-28 16:34:12
529,ubeerteo@vistaprint.com,2016-08-16 04:34:51,2017-07-08 11:10:00
530,ralyonovep@topsy.com,2017-03-31 19:36:34,2017-12-02 23:33:58
531,jpemberyeq@webs.com,2017-05-30 18:57:04,2017-12-21 16:00:56
532,csimondsoner@engadget.com,2016-11-20 05:50:30,2018-06-01 08:49:20
533,rmordauntes@reddit.com,2017-04-05 05:20:16,2018-03-13 07:40:47
534,kswaileet@weather.com,2017-04-15 11:38:58,2018-03-11 22:42:23
535,gliepmanneu@marketwatch.com,2016-08-31 12:34:44,2019-02-25 11:33:57
536,dbengerev@woothemes.com,2016-10-09 02:19:27,2018-07-23 19:40:22
537,lgazzardew@feedburner.com,2016-10-28 09:12:53,2018-12-23 21:48:34
538,dlebarreeex@cbc.ca,2016-06-21 23:03:09,2018-03-05 14:19:12
539,lkinningleyey@51.la,2016-09-01 17:38:32,2018-01-25 18:25:08
540,lbennettsez@yale.edu,2017-05-17 09:48:25,2018-06-01 12:36:09
541,mcoppinsf0@sbwire.com,2017-04-20 18:33:42,2018-06-21 20:22:10
542,mspranklingf1@themeforest.net,2016-10-12 13:16:18,2017-07-14 09:13:57
543,ereyesf2@jalbum.net,2016-09-28 06:13:08,2017-11-13 03:11:42
544,ajazef3@simplemachines.org,2016-11-26 04:34:16,2018-11-12 11:06:35
545,dgliddenf4@shareasale.com,2017-01-17 01:22:37,2019-03-02 06:01:25
546,zvannuchif5@time.com,2016-07-01 04:00:43,2018-01-16 20:13:49
547,cklafff6@example.com,2016-04-02 02:24:36,2017-10-30 20:28:01
548,inewlanf7@parallels.com,2017-02-17 02:05:59,2017-10-28 10:30:02
549,cfranceschiellif8@netscape.com,2017-01-09 02:09:59,2017-07-01 00:19:35
550,gartisf9@desdev.cn,2016-10-17 08:32:56,2018-12-20 18:39:50
551,coshielsfa@salon.com,2016-12-11 02:39:16,2017-12-11 00:07:56
552,jdanglfb@whitehouse.gov,2017-06-13 02:44:53,2017-08-31 05:16:53
553,agamlinfc@digg.com,2016-10-04 02:10:18,2017-12-04 23:31:35
554,mbroadberriefd@eventbrite.com,2016-10-12 22:32:02,2019-01-05 15:21:02
555,spluckfe@discuz.net,2017-02-06 23:10:44,2018-01-02 09:40:50
556,rthomassonff@harvard.edu,2016-05-28 10:00:14,2018-11-07 03:23:06
557,melsonfg@google.fr,2016-06-04 12:46:09,2018-02-26 21:50:16
558,ghardcastlefh@prlog.org,2016-06-20 01:14:21,2018-03-15 10:33:37
559,gstilingfi@usda.gov,2016-08-05 14:26:11,2018-01-24 02:52:00
560,rheggadonfj@so-net.ne.jp,2016-05-09 16:07:26,2018-11-18 06:44:35
561,ncrosbyfk@macromedia.com,2017-01-03 13:18:54,2017-09-03 11:59:39
562,ggreenliesfl@webs.com,2017-02-11 15:16:50,2018-10-22 10:00:56
563,walbrofm@odnoklassniki.ru,2017-04-14 03:58:08,2018-03-28 19:17:03
564,atirreyfn@indiatimes.com,2016-07-27 10:48:39,2018-06-10 06:23:35
565,otimnyfo@seattletimes.com,2016-09-17 07:42:52,2018-12-07 11:27:04
566,asneddenfp@clickbank.net,2017-01-14 01:23:03,2019-02-05 22:26:32
567,dfisonfq@dot.gov,2016-10-31 23:00:41,2018-07-28 19:50:34
568,lrumsbyfr@github.com,2017-03-29 04:22:01,2018-10-26 14:18:33
569,jshoweringfs@instagram.com,2016-05-08 07:08:43,2018-10-04 03:20:08
570,bshilstoneft@mashable.com,2016-12-14 02:33:20,2018-05-26 20:59:16
571,mprycefu@cocolog-nifty.com,2016-07-20 20:55:08,2018-11-10 03:05:46
572,skirrensfv@netscape.com,2017-03-21 19:18:06,2019-01-23 19:32:43
573,fcragellfw@nhs.uk,2016-09-15 15:57:53,2017-07-09 04:38:01
574,amcfallfx@sitemeter.com,2016-10-27 18:59:41,2017-11-27 15:54:17
575,nbartlettfy@behance.net,2016-09-17 19:40:42,2018-10-16 20:58:04
576,bfranzelfz@is.gd,2016-06-25 12:18:54,2017-08-02 14:03:01
577,zpurryg0@blogspot.com,2016-03-21 12:15:23,2018-01-25 12:32:06
578,cronischg1@dailymotion.com,2017-01-31 06:43:25,2018-01-25 00:11:40
579,jclementelg2@nytimes.com,2016-09-28 18:29:00,2019-01-21 16:27:16
580,mhiddersleyg3@themeforest.net,2016-11-11 07:03:03,2017-10-11 14:57:10
581,kfraneg4@bandcamp.com,2016-07-09 15:49:13,2018-01-27 20:23:25
582,nstachinig5@aboutads.info,2016-05-17 13:11:45,2019-02-06 01:27:17
583,cveitchg6@blogtalkradio.com,2016-11-05 15:30:24,2017-06-20 03:38:42
584,dmannsg7@cloudflare.com,2016-11-11 06:36:27,2019-02-25 02:30:55
585,cfletcherg8@amazon.co.jp,2016-06-12 23:59:27,2018-11-07 13:12:11
586,cbenng9@sbwire.com,2016-12-10 07:41:34,2018-11-18 14:43:31
587,akierga@alibaba.com,2017-02-06 23:54:52,2018-02-17 09:26:59
588,ffittallgb@japanpost.jp,2017-02-03 14:55:18,2018-11-25 23:02:31
589,rmerrimangc@ft.com,2017-06-05 11:07:11,2017-12-26 07:15:14
590,kroddagd@umn.edu,2017-01-04 17:18:58,2019-03-12 07:20:20
591,fhenlonge@washington.edu,2017-02-14 13:30:26,2018-08-03 19:28:39
592,tlevisgf@ameblo.jp,2017-06-14 20:36:39,2017-12-14 20:02:28
593,wwolstenholmegg@weather.com,2017-03-12 17:45:38,2017-08-17 06:36:29
594,bmuffettgh@nhs.uk,2016-11-12 08:40:24,2018-09-25 19:00:02
595,tmaccreegi@tumblr.com,2016-08-25 03:50:43,2018-03-01 02:31:23
596,zmcginnisgj@blinklist.com,2017-03-30 13:42:07,2018-01-11 06:32:15
597,challihangk@blogger.com,2016-12-19 10:29:59,2018-03-15 08:15:44
598,ybulmangl@indiegogo.com,2017-01-20 12:37:05,2018-03-27 03:06:45
599,lyoellgm@altervista.org,2016-10-28 08:24:01,2018-02-06 20:15:30
600,vransomgn@elegantthemes.com,2017-04-21 08:54:38,2017-11-04 23:47:39
601,lkohtlergo@livejournal.com,2017-06-05 22:27:02,2018-07-26 06:14:52
602,ggriniovgp@psu.edu,2016-10-26 00:05:45,2018-08-22 19:40:37
603,mbednellgq@bing.com,2017-04-13 13:07:48,2019-03-06 22:46:23
604,cquerreegr@bigcartel.com,2017-03-10 07:42:20,2018-08-31 13:09:28
605,tarriguccigs@aol.com,2016-11-24 16:46:04,2019-01-28 01:38:07
606,lcritchgt@mapy.cz,2017-05-16 22:32:03,2017-09-08 12:59:39
607,pfigguresgu@nps.gov,2016-06-09 09:23:33,2017-12-21 10:18:45
608,pfleargv@lulu.com,2016-11-23 07:31:51,2018-12-09 00:31:43
609,gpogggw@discuz.net,2017-04-10 19:16:04,2018-05-24 21:19:27
610,rmatyukongx@list-manage.com,2017-01-12 08:56:15,2019-02-17 17:31:37
611,mrenahangy@w3.org,2017-04-01 22:24:29,2019-03-06 13:25:04
612,tsissongz@delicious.com,2017-04-07 03:46:28,2018-02-17 10:39:45
613,spreddleh0@friendfeed.com,2016-06-26 10:34:18,2019-01-25 22:42:35
614,cspikingsh1@squidoo.com,2016-06-03 10:46:35,2017-08-06 20:16:20
615,rgilfoyh2@chicagotribune.com,2016-08-05 09:23:34,2018-08-12 13:48:29
616,vwhitewayh3@umich.edu,2016-06-26 13:49:38,2017-12-15 20:33:59
617,pcurnnokh4@springer.com,2016-10-10 17:39:05,2018-02-19 11:39:52
618,calenichevh5@globo.com,2017-03-11 23:39:12,2017-09-23 10:21:58
619,bhewsonh6@plala.or.jp,2017-05-31 03:13:07,2018-09-22 17:36:51
620,lkilbrideh7@usnews.com,2016-03-28 05:47:14,2017-12-09 17:17:23
621,tolenikovh8@wufoo.com,2016-07-29 16:41:59,2018-12-31 22:25:33
622,bcommuccih9@guardian.co.uk,2016-04-30 19:32:49,2017-07-14 02:54:59
623,jhradskyha@instagram.com,2016-08-25 02:09:17,2018-11-23 14:34:46
624,rblowfieldhb@cyberchimps.com,2017-02-04 07:47:34,2017-09-11 15:54:35
625,jholhousehc@amazon.co.jp,2017-03-13 18:51:40,2019-02-09 13:38:11
626,mchavezhd@newsvine.com,2016-04-05 17:20:32,2018-06-04 17:10:12
627,eleilhe@usnews.com,2016-09-12 12:09:54,2017-07-17 13:15:38
628,vmeekshf@aboutads.info,2017-04-02 17:34:36,2018-07-31 08:30:58
629,aaisthorpehg@unesco.org,2017-05-04 23:35:15,2017-08-25 04:02:02
630,wrablehh@blinklist.com,2016-10-27 10:42:51,2017-06-22 15:56:07
631,zgraystonhi@51.la,2016-08-16 22:14:12,2018-12-08 08:52:05
632,lhryniewiczhj@studiopress.com,2016-05-11 04:46:32,2017-12-16 18:47:26
633,ggouldenhk@bloomberg.com,2017-04-17 10:10:20,2018-06-18 20:57:54
634,lhumberthl@fema.gov,2016-05-02 20:53:45,2018-07-16 11:42:14
635,tdixceehm@craigslist.org,2016-05-23 11:59:42,2018-12-31 07:07:27
636,rrosomanhn@cmu.edu,2016-08-12 18:45:57,2018-11-19 21:42:29
637,swyreho@studiopress.com,2017-05-30 13:42:16,2018-09-05 18:32:47
638,avealehp@archive.org,2017-03-22 08:05:35,2018-04-11 23:09:49
639,hchipmanhq@dailymotion.com,2017-04-08 20:44:58,2019-03-14 14:36:35
640,dmccuehr@tinypic.com,2016-11-13 07:59:23,2017-08-29 14:06:17
641,rflellohs@earthlink.net,2016-11-23 20:13:00,2018-09-01 21:59:22
642,cgurwoodht@house.gov,2016-03-24 12:44:55,2017-08-20 02:47:22
643,rbutehu@ifeng.com,2016-08-03 21:06:44,2018-12-07 07:30:57
644,sguerrehv@whitehouse.gov,2017-03-10 19:09:34,2018-04-08 20:53:50
645,tbutterworthhw@jiathis.com,2016-06-29 02:35:40,2018-09-28 02:17:45
646,tcanniffehx@msn.com,2016-08-19 20:31:35,2018-12-10 05:03:01
647,pjeffershy@cloudflare.com,2016-11-15 12:59:03,2018-07-31 01:09:29
648,fchallicombehz@netvibes.com,2016-08-26 00:03:23,2017-09-09 11:17:09
649,dhoulsoni0@icq.com,2017-03-01 09:32:29,2018-05-08 03:27:07
650,estrauni1@tinyurl.com,2017-03-26 18:58:23,2018-04-03 01:35:16
651,lallmani2@omniture.com,2017-01-30 23:27:54,2017-12-15 18:02:54
652,bcontii3@symantec.com,2016-08-14 08:52:22,2019-02-09 15:23:04
653,jniezeni4@multiply.com,2017-02-18 18:48:05,2017-11-19 16:10:11
654,lbrockingtoni5@instagram.com,2016-07-18 17:40:25,2018-10-04 20:12:04
655,swiddowfieldi6@amazonaws.com,2017-04-03 19:48:46,2017-07-06 11:31:59
656,wnutbeami7@hugedomains.com,2016-03-20 20:01:55,2017-10-09 00:36:33
657,tlivseyi8@nih.gov,2017-06-04 10:25:14,2017-09-26 01:02:58
658,clangmuiri9@google.pl,2017-03-22 09:34:59,2018-02-12 11:22:31
659,gduferia@google.cn,2016-09-28 23:31:39,2018-07-29 15:44:00
660,dbodocsib@behance.net,2017-05-07 21:04:43,2018-10-11 00:19:29
661,ebensusanic@illinois.edu,2017-03-14 06:21:19,2018-06-07 09:47:09
662,fnoyceid@rakuten.co.jp,2017-04-11 01:57:00,2019-01-07 12:26:00
663,smckimmie@cnet.com,2016-09-30 20:12:45,2017-09-25 07:12:34
664,rjaggif@umich.edu,2017-01-20 21:52:18,2017-08-17 16:18:20
665,breddlesdenig@hexun.com,2016-10-10 01:19:10,2017-07-19 23:59:26
666,amillardih@theglobeandmail.com,2016-10-02 22:47:37,2018-06-03 08:34:18
667,nburvillii@yellowpages.com,2016-12-01 00:26:30,2018-02-10 07:15:02
668,eabyssij@oracle.com,2016-09-02 21:47:33,2018-05-14 07:03:19
669,imylchreestik@xinhuanet.com,2016-11-04 22:03:29,2018-01-24 00:29:12
670,bbardil@mashable.com,2017-04-25 21:37:43,2018-03-16 19:00:24
671,mgoleyim@pen.io,2016-06-08 11:15:28,2017-10-03 13:05:06
672,sredgravein@fc2.com,2016-11-08 19:39:34,2018-09-04 02:43:08
673,akearfordio@sfgate.com,2017-05-22 14:09:22,2018-10-22 04:54:38
674,nelvyip@clickbank.net,2016-12-27 18:51:00,2018-12-21 07:47:58
675,athairsiq@about.com,2016-09-21 08:46:14,2019-01-24 00:31:14
676,ctooneir@deviantart.com,2017-04-09 12:19:57,2018-12-08 00:41:45
677,eblaxtonis@icio.us,2016-07-09 06:02:32,2019-01-20 02:47:53
678,cosharryit@example.com,2017-01-01 16:56:57,2018-01-07 06:42:24
679,barlidgeiu@sun.com,2016-08-09 19:27:13,2018-11-12 19:39:22
680,kfirmageriv@globo.com,2017-04-10 20:07:30,2018-12-11 11:10:05
681,svenningiw@reference.com,2017-02-15 15:36:31,2018-12-26 20:27:00
682,pcoppledikeix@free.fr,2016-09-12 08:59:46,2018-02-15 06:51:40
683,jmcadamiy@e-recht24.de,2017-02-05 13:00:00,2018-10-01 09:14:55
684,vdanickiz@sourceforge.net,2016-05-12 23:39:30,2018-12-28 09:21:34
685,dsamwysej0@weather.com,2017-01-18 16:37:35,2019-02-28 19:52:01
686,cjecksj1@google.com.au,2017-04-15 13:02:10,2018-04-03 03:10:18
687,cadelbergj2@businessinsider.com,2017-01-14 12:23:49,2018-03-10 12:21:57
688,mhounsonj3@zimbio.com,2017-03-19 02:22:10,2018-04-01 08:23:27
689,btiffanyj4@baidu.com,2017-03-22 06:57:05,2017-12-13 20:21:36
690,gmcgarvaj5@devhub.com,2016-11-29 13:56:35,2019-03-07 01:27:44
691,avolkj6@cam.ac.uk,2016-07-03 18:03:57,2018-03-20 23:59:09
692,lwarltonj7@wsj.com,2016-12-16 14:40:50,2018-10-09 20:19:58
693,settridgej8@cbsnews.com,2016-12-07 00:37:17,2018-05-26 06:06:02
694,bsettlej9@mashable.com,2016-07-16 21:46:28,2017-06-27 17:12:04
695,fgethingsja@dedecms.com,2017-03-21 14:54:41,2018-06-17 22:52:48
696,heneferjb@who.int,2016-11-01 02:18:46,2017-08-08 01:58:09
697,sallikerjc@ifeng.com,2016-12-22 21:55:46,2017-10-13 17:18:44
698,adomaschkejd@theatlantic.com,2016-08-19 06:41:40,2017-08-29 01:48:47
699,ahearfieldje@apache.org,2016-09-23 11:44:37,2018-03-17 09:02:01
700,dyoungsjf@geocities.com,2016-03-28 14:52:43,2018-03-01 18:36:13
701,tdreusjg@paginegialle.it,2017-02-12 03:58:07,2019-03-14 18:37:25
702,fwetheredjh@g.co,2017-01-05 14:51:18,2017-08-19 11:19:49
703,rkeherji@uiuc.edu,2016-11-12 22:40:10,2018-09-18 13:16:25
704,mcaesmanjj@berkeley.edu,2016-05-04 23:04:53,2017-07-16 04:29:20
705,bmillmoejk@yolasite.com,2017-05-20 19:59:22,2017-11-08 08:20:59
706,bdownesjl@nytimes.com,2017-02-13 17:46:29,2018-03-06 13:53:53
707,vgrigorkinjm@myspace.com,2016-04-14 20:13:57,2017-08-08 16:52:27
708,gliebjn@typepad.com,2016-08-05 01:25:48,2018-01-05 12:33:21
709,lspittaljo@blog.com,2017-01-12 11:25:42,2018-05-08 21:30:01
710,vmulgrewjp@cafepress.com,2016-09-21 04:50:15,2018-02-07 03:09:09
711,phousenjq@miitbeian.gov.cn,2016-08-21 19:39:15,2018-12-02 10:16:31
712,espracklinjr@fda.gov,2017-03-10 00:32:30,2017-08-18 20:17:55
713,pmatschukjs@elegantthemes.com,2016-06-07 21:52:36,2018-08-30 15:44:55
714,emanueaujt@yale.edu,2016-06-28 15:49:30,2018-03-20 07:18:55
715,plowreyju@indiegogo.com,2017-01-02 00:21:06,2018-01-24 08:04:56
716,cbaylayjv@noaa.gov,2017-06-14 10:52:06,2017-09-05 12:15:54
717,kkingtonjw@google.ca,2016-10-10 11:14:51,2018-08-13 20:51:01
718,scolvilljx@nationalgeographic.com,2017-04-09 16:59:44,2017-09-16 10:38:31
719,amaulinjy@fotki.com,2017-03-19 12:57:45,2017-06-21 16:46:58
720,galexandrejz@reference.com,2017-03-21 12:11:06,2017-07-16 03:04:13
721,nernkek0@nature.com,2016-09-06 02:53:51,2018-03-23 09:15:48
722,gmatusevichk1@pen.io,2016-06-07 01:30:58,2018-05-20 02:03:37
723,cvynallk2@reference.com,2016-09-15 17:46:05,2017-09-01 05:07:11
724,nstoitek3@reverbnation.com,2016-12-14 15:12:29,2019-02-28 02:02:01
725,breltonk4@wsj.com,2016-04-11 06:23:49,2018-06-18 17:10:08
726,ftuftsk5@blog.com,2017-02-09 17:17:08,2019-03-06 01:10:46
727,nreadyk6@ucla.edu,2016-04-16 22:17:13,2017-10-13 05:15:32
728,adruryk7@chron.com,2016-11-24 04:46:08,2017-09-23 00:23:11
729,fbestk8@hp.com,2017-01-17 12:12:50,2017-07-17 09:20:07
730,lsambiedgek9@wikia.com,2017-05-05 03:37:23,2019-01-05 04:29:56
731,emelvilleka@toplist.cz,2017-01-15 04:50:44,2017-10-15 05:26:41
732,lbispkb@shareasale.com,2017-01-07 00:31:56,2018-12-08 01:35:16
733,wgovenlockkc@yahoo.co.jp,2017-04-10 00:47:17,2017-07-19 09:26:57
734,tjarrykd@a8.net,2016-11-06 15:09:36,2018-12-01 08:08:29
735,rpatriake@newyorker.com,2016-09-09 05:47:40,2018-03-16 01:32:37
736,rwoofendenkf@senate.gov,2017-04-15 02:40:30,2019-03-14 08:10:37
737,dlecountkg@msu.edu,2016-06-24 11:14:22,2017-12-04 09:04:24
738,ctibbitskh@nyu.edu,2017-02-14 23:28:27,2017-12-16 17:19:28
739,rswansboroughki@gizmodo.com,2017-03-23 02:01:28,2018-12-04 17:39:16
740,jtrevearkj@google.ca,2016-03-31 14:28:55,2018-06-20 21:20:38
741,kswainsonkk@liveinternet.ru,2016-09-03 09:18:15,2017-10-01 00:19:49
742,eshortlandkl@jalbum.net,2016-07-12 14:01:26,2018-09-20 01:02:35
743,skhankm@techcrunch.com,2016-05-02 08:10:24,2018-04-13 15:48:11
744,bconwellkn@baidu.com,2017-03-07 10:05:45,2018-09-24 19:44:24
745,klonsdaleko@noaa.gov,2016-07-26 17:39:25,2019-01-12 05:52:22
746,mbatkinkp@dyndns.org,2016-12-20 06:45:19,2017-08-27 05:10:41
747,cnathankq@lycos.com,2016-09-26 15:06:03,2018-04-14 03:07:03
748,ggundakr@prlog.org,2016-11-07 16:18:31,2018-08-17 06:03:34
749,mclappisonks@google.co.jp,2016-06-30 15:02:38,2017-06-19 13:10:18
750,pivanonkokt@smugmug.com,2016-07-27 19:30:31,2019-02-13 19:34:39
751,rmclanaghanku@rambler.ru,2016-12-01 21:50:55,2018-06-04 01:04:02
752,trablkv@purevolume.com,2016-10-30 03:22:02,2018-11-24 01:23:49
753,dlammerskw@intel.com,2016-06-23 01:22:27,2018-11-21 04:36:22
754,phatcherkx@blog.com,2016-10-20 08:04:15,2018-01-01 20:35:55
755,eberthomieuky@ted.com,2016-08-25 00:56:45,2018-07-23 02:16:15
756,jverrallkz@ning.com,2016-05-24 08:31:26,2018-01-30 05:06:09
757,jseckerl0@telegraph.co.uk,2017-05-13 08:54:09,2018-10-22 19:13:27
758,jbrannil1@twitter.com,2016-05-21 15:04:42,2017-07-30 15:39:38
759,lbamlettl2@tripadvisor.com,2016-06-25 04:45:03,2018-08-17 09:46:56
760,spomeryl3@histats.com,2016-06-28 20:23:12,2018-06-09 11:24:05
761,mstatefieldl4@google.pl,2017-03-21 23:38:53,2018-04-10 10:56:56
762,dspybeyl5@craigslist.org,2016-10-05 03:03:36,2018-11-05 05:05:20
763,dbarnettl6@myspace.com,2016-09-20 04:38:16,2017-07-31 13:11:56
764,tgrayhaml7@uiuc.edu,2016-11-23 04:06:27,2018-08-02 02:34:24
765,ntuddenhaml8@qq.com,2017-05-28 05:58:08,2018-11-29 11:08:05
766,educkersl9@storify.com,2017-02-13 02:17:05,2018-07-06 22:09:59
767,atrudgeonla@jigsy.com,2017-04-21 09:02:04,2017-12-09 11:26:22
768,astrutelb@ft.com,2016-03-24 17:36:10,2018-09-13 03:54:12
769,flennoxlc@oaic.gov.au,2016-07-29 07:17:03,2017-07-15 12:18:26
770,focarrollld@europa.eu,2017-01-29 14:01:01,2018-10-03 12:55:12
771,mleyle@mozilla.com,2016-10-20 11:03:39,2018-05-05 21:22:58
772,jlafrentzlf@reverbnation.com,2016-07-29 03:36:31,2018-11-01 15:26:27
773,jboullenlg@soundcloud.com,2016-06-07 12:23:15,2018-10-13 21:11:01
774,akleimtlh@360.cn,2017-04-18 22:32:54,2018-01-24 11:18:01
775,ctesmondli@archive.org,2017-05-21 03:53:44,2019-01-30 09:34:11
776,ckenwricklj@goodreads.com,2016-05-17 10:44:53,2017-12-08 23:44:51
777,kansticelk@printfriendly.com,2017-05-19 23:18:04,2019-01-25 11:48:59
778,dmcgarveyll@wunderground.com,2016-05-02 13:32:08,2019-01-22 22:47:14
779,rmalbylm@virginia.edu,2016-05-14 17:10:54,2018-05-09 11:47:03
780,dduffieln@lulu.com,2016-12-25 08:20:57,2017-10-04 03:55:23
781,asimcolo@earthlink.net,2017-05-26 22:05:58,2018-03-17 07:22:34
782,hasplinglp@xrea.com,2016-12-30 05:13:40,2017-12-07 23:25:49
783,ekaruslq@cnbc.com,2016-06-19 06:18:22,2018-10-20 00:29:34
784,rbattamslr@nba.com,2016-05-28 07:35:33,2018-02-28 17:52:54
785,sbromels@amazon.co.jp,2017-01-14 13:57:10,2018-01-01 22:13:50
786,ktourlelt@google.nl,2016-08-01 15:29:40,2018-04-19 03:29:15
787,saffronlu@mozilla.org,2016-11-14 02:11:33,2017-07-10 07:00:44
788,nbrucknerlv@mtv.com,2016-08-11 12:28:50,2017-12-13 01:02:02
789,mtrattleslw@reddit.com,2016-07-23 10:43:20,2018-01-13 14:25:05
790,bkemerlx@1und1.de,2016-05-02 07:20:04,2018-07-08 14:38:21
791,jboxerly@zimbio.com,2017-02-15 01:20:09,2018-03-07 02:25:32
792,mpengilleylz@ycombinator.com,2016-10-25 03:33:26,2018-05-17 13:08:46
793,mwhiteoakm0@cmu.edu,2016-06-30 19:36:13,2019-01-24 14:53:36
794,mmawm1@last.fm,2017-05-29 22:32:43,2018-08-15 18:31:23
795,lmcrobbiem2@discovery.com,2016-09-29 12:43:06,2018-01-12 05:41:49
796,hmcardlem3@liveinternet.ru,2016-12-28 18:17:09,2017-11-22 12:56:20
797,egrigoliism4@blog.com,2017-02-07 03:16:27,2018-02-07 22:58:13
798,rdaouzem5@yandex.ru,2017-04-17 15:04:56,2019-01-03 05:25:45
799,abrettellem6@elpais.com,2016-06-13 09:58:03,2017-10-20 04:53:37
800,kcromartym7@wix.com,2017-05-09 22:31:53,2017-10-31 17:23:51
801,hmoutonm8@privacy.gov.au,2016-05-20 06:56:29,2017-08-22 22:02:02
802,uvanellim9@imageshack.us,2017-05-24 10:03:28,2017-06-18 18:07:27
803,jetridgema@home.pl,2016-03-18 09:04:44,2017-10-26 10:57:05
804,econyersmb@nifty.com,2016-08-21 18:30:49,2018-04-11 02:30:52
805,icrowcummc@smugmug.com,2016-06-12 05:16:31,2018-01-15 00:16:30
806,dcornaumd@reference.com,2016-07-22 04:19:18,2017-08-26 15:49:59
807,mpapierzme@youtube.com,2017-04-24 13:07:58,2018-10-02 15:22:11
808,ycarwithanmf@theatlantic.com,2016-04-12 17:39:07,2018-10-10 14:23:36
809,eceresamg@ucsd.edu,2016-10-20 13:33:17,2018-04-22 06:53:51
810,cendicottmh@nbcnews.com,2016-10-30 16:15:14,2018-03-26 02:31:15
811,etreneermi@netscape.com,2017-01-20 15:58:41,2018-10-18 00:28:00
812,dlingleymj@so-net.ne.jp,2016-09-08 10:21:31,2017-10-08 19:46:41
813,olaingmk@ameblo.jp,2016-08-28 21:43:31,2018-02-12 13:56:09
814,jmorgueml@va.gov,2017-02-27 05:40:05,2017-09-17 09:00:24
815,ssalzbergmm@spiegel.de,2016-03-17 06:53:52,2018-05-28 12:38:02
816,tedwinsmn@msu.edu,2016-10-26 08:56:42,2017-09-02 04:43:25
817,ewalbridgemo@soundcloud.com,2016-11-25 03:21:08,2017-12-01 01:57:26
818,achettermp@about.me,2016-07-09 23:27:59,2018-11-05 06:06:43
819,nwhisbymq@archive.org,2017-03-24 21:43:26,2017-11-08 23:38:32
820,sdurnfordmr@ed.gov,2016-09-16 23:23:51,2018-01-19 17:38:42
821,pcristoforoms@spiegel.de,2016-06-10 19:07:31,2018-01-29 07:27:38
822,lpynemt@cbslocal.com,2017-05-29 17:03:05,2017-08-26 16:56:51
823,sdulenmu@pbs.org,2017-01-25 08:26:27,2018-03-01 10:57:04
824,hmcconaghymv@fastcompany.com,2017-06-07 01:07:32,2018-06-25 10:52:57
825,asimmellmw@w3.org,2017-05-10 12:34:35,2017-09-09 17:33:10
826,mjoubertmx@drupal.org,2016-12-20 18:33:44,2018-07-27 02:42:22
827,sortasmy@newyorker.com,2016-10-26 05:37:41,2018-10-02 19:44:28
828,hpattonmz@cam.ac.uk,2017-06-14 18:05:14,2018-04-29 06:54:18
829,dattrien0@soup.io,2016-12-27 19:48:57,2017-06-23 23:20:10
830,doxendenn1@google.es,2016-05-26 06:50:23,2017-11-13 00:59:25
831,dodgersn2@mail.ru,2016-10-30 12:18:51,2019-03-11 17:11:47
832,abenfordn3@about.com,2017-02-20 14:02:02,2019-03-04 05:47:08
833,bramsdenn4@slate.com,2017-03-26 12:29:38,2018-12-25 08:22:36
834,aadenetn5@blog.com,2017-01-21 19:39:11,2018-07-04 20:25:48
835,sblanningn6@example.com,2017-03-04 18:22:46,2018-08-04 19:23:43
836,rsultann7@slideshare.net,2016-03-23 19:27:00,2017-08-19 22:21:51
837,hdrucen8@google.de,2016-04-10 00:33:51,2018-03-01 00:45:17
838,ppopen9@squarespace.com,2017-05-09 15:03:01,2018-11-08 06:13:01
839,cgeerena@census.gov,2017-06-13 02:34:31,2017-10-15 20:10:20
840,bspoursnb@goo.ne.jp,2016-12-19 02:52:21,2018-04-06 07:38:30
841,dhogginnc@umn.edu,2017-05-31 12:00:51,2018-08-25 13:55:50
842,rlazellnd@google.co.jp,2017-01-11 20:07:30,2018-05-16 19:55:00
843,gbasfordne@buzzfeed.com,2016-03-30 12:32:53,2019-02-27 15:32:07
844,ocussonsnf@163.com,2017-05-19 15:13:33,2018-08-26 02:24:58
845,rludyeng@upenn.edu,2016-11-09 14:02:42,2019-03-06 22:04:13
846,cgoodchildnh@dagondesign.com,2016-11-13 18:12:07,2018-06-12 15:35:17
847,cbowryni@bigcartel.com,2016-05-21 00:44:19,2018-07-13 02:16:54
848,arollasonnj@qq.com,2017-01-31 04:24:46,2018-09-14 19:28:29
849,qpiffordnk@bbb.org,2017-03-24 10:25:47,2017-09-19 11:13:53
850,eedessnl@yandex.ru,2016-07-30 13:57:21,2017-08-17 21:56:08
851,btaskernm@google.ru,2016-03-21 09:30:23,2018-10-04 19:00:45
852,sgrichukhanovnn@google.com.br,2017-05-03 05:52:11,2017-12-17 00:48:09
853,cgaviganno@odnoklassniki.ru,2016-10-27 11:44:14,2018-05-12 07:39:55
854,ecamousnp@stumbleupon.com,2016-06-15 08:26:25,2018-06-05 03:32:23
855,aeddinsnq@state.gov,2016-09-13 04:39:51,2018-05-17 07:26:28
856,gphilipponnr@buzzfeed.com,2017-02-16 06:50:07,2017-08-03 21:42:49
857,lbromidgens@theatlantic.com,2016-08-12 10:44:17,2018-03-03 11:02:32
858,ccrakent@ucoz.com,2017-05-16 22:15:46,2019-03-03 12:53:31
859,gheysnu@sogou.com,2016-08-15 19:43:20,2017-10-12 17:58:51
860,tbitchenernv@businesswire.com,2017-06-02 06:49:11,2018-12-03 16:23:18
861,lgothliffnw@vimeo.com,2017-01-18 14:15:24,2017-06-18 23:18:56
862,sfulmennx@sciencedirect.com,2016-09-05 18:13:49,2017-11-02 02:25:10
863,bjentinny@hugedomains.com,2016-12-15 18:06:38,2018-12-09 16:28:55
864,bmelbynz@yelp.com,2017-01-30 18:27:30,2018-02-16 04:52:48
865,cdevericko0@nyu.edu,2017-01-11 00:06:40,2017-11-02 04:41:43
866,kdebello1@npr.org,2017-05-26 09:36:06,2018-09-13 02:53:56
867,mmacdonougho2@marriott.com,2016-05-02 08:28:43,2018-03-13 23:47:38
868,cgiraudouo3@over-blog.com,2016-09-03 21:52:37,2018-07-03 13:38:36
869,docrowleyo4@blogspot.com,2016-08-28 10:37:33,2018-10-25 03:46:10
870,ghaffnero5@ovh.net,2017-02-03 16:42:37,2018-09-30 15:01:44
871,mchatbando6@apache.org,2016-09-12 23:33:04,2018-09-30 11:57:19
872,akertono7@canalblog.com,2016-05-01 00:53:43,2018-02-11 11:54:37
873,vducharto8@google.pl,2016-08-16 11:59:44,2017-06-17 04:14:41
874,pivushkino9@opera.com,2017-04-03 20:35:29,2018-04-09 02:21:40
875,obrookingoa@dion.ne.jp,2017-04-18 20:02:05,2018-12-26 19:21:09
876,wlethemob@phpbb.com,2016-12-06 16:07:40,2018-07-30 08:20:32
877,ndudmeshoc@google.de,2016-12-06 02:59:43,2018-09-26 23:25:51
878,wchristmasod@slideshare.net,2016-10-11 12:35:00,2019-03-11 00:53:48
879,lbilamoe@google.ca,2016-07-03 17:21:37,2017-06-30 01:11:53
880,vspeedingof@privacy.gov.au,2016-08-18 08:35:00,2018-08-08 05:10:29
881,sspurdonog@harvard.edu,2016-05-04 08:00:46,2018-07-30 09:33:09
882,rfaulkeneroh@icio.us,2016-06-10 03:21:37,2018-08-22 17:43:10
883,rheckneyoi@un.org,2016-06-11 16:44:57,2019-02-07 21:18:21
884,haindraisoj@delicious.com,2017-04-01 22:25:19,2018-01-29 15:18:54
885,lgoodinsonok@nps.gov,2017-05-08 15:04:30,2017-07-24 14:54:24
886,mocarranol@wisc.edu,2016-08-09 02:29:22,2018-07-21 19:13:54
887,kwarbeyom@ucsd.edu,2016-03-17 20:54:09,2018-05-23 19:42:38
888,lvalenteon@house.gov,2016-12-03 13:17:09,2018-12-22 20:10:29
889,cmunghamoo@multiply.com,2017-05-04 02:02:09,2019-01-04 14:55:36
890,agaterop@stumbleupon.com,2017-02-09 10:12:14,2018-12-10 05:49:17
891,dscranedgeoq@booking.com,2017-04-23 20:34:30,2019-02-14 22:49:55
892,vswaleor@example.com,2017-04-11 21:45:03,2018-01-19 07:01:51
893,jfolkeros@engadget.com,2016-12-09 09:25:43,2018-06-19 22:23:38
894,bhammarbergot@fda.gov,2017-02-08 22:01:14,2017-09-02 21:56:27
895,akmieciakou@uol.com.br,2017-04-05 11:01:44,2018-04-12 13:27:17
896,prisingov@bandcamp.com,2016-12-02 08:45:08,2018-11-03 21:49:36
897,ncardisow@gizmodo.com,2017-05-03 00:17:50,2018-04-02 06:53:23
898,hlithgowox@google.ca,2017-03-24 14:55:50,2018-05-21 00:47:36
899,dherculesonoy@oracle.com,2016-05-08 08:07:24,2018-02-22 12:28:02
900,ccartmaleoz@hexun.com,2016-03-16 19:58:12,2018-04-10 19:53:31
901,etindlep0@bandcamp.com,2016-04-03 18:53:10,2018-03-27 12:17:22
902,clefeuvrep1@senate.gov,2016-12-20 23:04:54,2018-09-28 21:41:04
903,fknyvettp2@mlb.com,2016-10-03 10:44:48,2017-08-02 06:10:02
904,cchellamp3@ovh.net,2016-11-08 08:22:40,2018-06-26 17:14:50
905,kgawithp4@berkeley.edu,2016-03-16 11:07:15,2019-01-14 11:16:43
906,jrhucroftp5@alibaba.com,2017-03-26 05:17:25,2018-08-30 12:11:07
907,rsabinp6@psu.edu,2016-09-08 09:07:07,2017-08-15 23:40:09
908,jpettkop7@4shared.com,2016-11-09 11:49:23,2017-06-26 05:51:51
909,tgirathsp8@myspace.com,2017-05-22 12:25:29,2018-05-24 05:47:10
910,mmaccumiskeyp9@constantcontact.com,2016-05-16 00:10:32,2017-11-08 01:08:31
911,pskeppa@alexa.com,2016-07-12 22:28:30,2018-01-04 19:28:47
912,ehampepb@state.gov,2017-02-21 14:11:54,2018-10-09 12:47:41
913,wsuddabypc@theglobeandmail.com,2016-05-28 04:02:58,2018-06-21 17:21:21
914,dcallardpd@barnesandnoble.com,2017-06-13 20:45:54,2018-01-09 01:32:47
915,clyndpe@ehow.com,2016-09-08 02:39:00,2018-10-15 06:19:13
916,socurranpf@si.edu,2016-07-17 04:19:20,2017-12-13 03:20:07
917,cspykinspg@netvibes.com,2017-03-09 14:05:25,2017-12-26 05:46:42
918,bcogleph@so-net.ne.jp,2016-07-13 02:40:46,2017-08-31 10:28:35
919,soggerpi@fda.gov,2017-01-20 05:35:44,2018-04-07 19:56:29
920,lbadgerpj@sakura.ne.jp,2016-10-05 16:21:29,2018-08-08 04:25:41
921,mdedantesiepk@businessinsider.com,2016-11-18 03:44:16,2017-11-11 08:06:40
922,gbegginipl@pinterest.com,2016-03-15 11:49:15,2018-02-22 15:39:01
923,gofarrispm@home.pl,2017-05-15 02:01:27,2017-12-05 08:08:43
924,jsmithemanpn@meetup.com,2016-11-05 09:18:36,2018-09-01 00:01:41
925,bstiffpo@freewebs.com,2016-05-18 00:15:18,2017-11-30 11:40:26
926,nevertpp@cocolog-nifty.com,2016-12-20 08:22:15,2018-03-07 13:08:48
927,ymilmopq@tmall.com,2017-04-24 01:57:09,2019-01-03 08:41:37
928,sstruttpr@geocities.com,2017-01-07 07:40:01,2017-11-22 13:43:47
929,gkeemerps@shop-pro.jp,2017-03-13 07:41:23,2018-05-02 18:11:56
930,bmcleishpt@arizona.edu,2016-07-20 18:38:47,2018-02-01 19:01:39
931,ytriplettpu@alibaba.com,2016-07-07 09:36:43,2017-09-05 07:34:42
932,fasplinpv@google.ru,2016-04-02 09:03:50,2017-12-10 12:53:51
933,fbarkworthpw@livejournal.com,2016-07-08 17:43:18,2018-08-11 04:43:20
934,wenstonpx@irs.gov,2016-11-08 08:37:35,2017-12-12 08:44:23
935,jcurrellpy@microsoft.com,2017-03-21 12:11:39,2018-09-06 23:09:37
936,lgoodsirpz@blogger.com,2016-11-01 07:22:15,2018-01-11 03:36:43
937,lbuggsq0@nytimes.com,2016-11-04 10:30:46,2017-11-07 01:16:44
938,lpanchinq1@dropbox.com,2016-12-07 07:37:45,2017-06-26 23:19:44
939,efibbenq2@elegantthemes.com,2017-05-09 04:29:24,2017-06-16 17:40:39
940,bdunbletonq3@github.com,2017-03-04 14:48:29,2018-01-31 17:37:42
941,bburneyq4@imdb.com,2016-10-22 09:46:35,2017-08-22 17:04:18
942,jlionelq5@indiatimes.com,2017-05-16 05:03:19,2018-08-26 14:29:27
943,mmaccomeq6@bigcartel.com,2017-03-12 05:40:48,2017-07-29 20:21:18
944,cspowartq7@sbwire.com,2016-05-15 22:30:42,2018-08-25 17:49:24
945,btailourq8@bing.com,2016-08-30 03:15:36,2018-01-01 20:16:24
946,kcolebrookq9@theatlantic.com,2017-02-25 23:24:12,2018-10-30 23:23:12
947,relbyqa@quantcast.com,2016-12-24 05:04:12,2018-10-30 00:12:51
948,mbolgerqb@mediafire.com,2017-05-12 21:03:24,2018-01-13 10:13:23
949,lgibbqc@umn.edu,2016-09-22 07:34:06,2018-11-21 22:15:43
950,sbehrendqd@bizjournals.com,2016-08-22 00:41:18,2017-08-05 06:40:52
951,lflorisqe@barnesandnoble.com,2016-05-08 08:09:05,2018-09-21 06:28:52
952,awhybornqf@addtoany.com,2016-05-01 22:57:31,2018-08-23 05:14:54
953,amccheyneqg@51.la,2017-04-03 01:32:03,2018-11-06 22:54:50
954,vduffinqh@forbes.com,2016-10-13 21:29:50,2017-09-01 07:06:29
955,abustqi@posterous.com,2017-05-20 17:18:35,2017-10-26 04:20:00
956,rjullqj@jigsy.com,2016-07-18 18:41:28,2019-02-05 06:04:14
957,adoodqk@theguardian.com,2016-08-06 16:59:45,2018-03-23 20:09:41
958,afurleyql@apple.com,2016-08-04 21:18:51,2018-10-05 14:56:09
959,cveyseyqm@joomla.org,2017-04-23 20:09:51,2017-11-10 06:41:28
960,rattowqn@bigcartel.com,2017-05-21 16:10:25,2018-04-26 23:04:25
961,kboageyqo@cdc.gov,2017-02-09 08:46:43,2018-10-30 21:16:19
962,dbillingeqp@naver.com,2017-06-09 05:34:32,2017-07-02 00:24:40
963,brobrowqq@123-reg.co.uk,2016-05-16 12:23:44,2017-07-18 05:26:57
964,bcraykqr@simplemachines.org,2016-07-05 19:18:54,2017-08-21 09:31:22
965,vbalchenqs@ezinearticles.com,2016-06-13 08:27:10,2018-06-09 16:06:17
966,alongstreethqt@desdev.cn,2016-04-08 05:05:48,2018-04-11 03:21:34
967,creyqu@engadget.com,2017-04-27 07:51:58,2018-04-27 08:24:16
968,tbraniganqv@google.cn,2017-01-23 19:36:32,2017-06-23 12:50:39
969,rpendlentonqw@netlog.com,2017-04-18 02:47:59,2018-02-12 15:37:40
970,climeburnerqx@patch.com,2016-03-21 17:25:18,2018-09-10 04:31:04
971,sgiggieqy@bizjournals.com,2016-12-14 16:31:09,2018-05-24 23:57:27
972,aamottqz@wp.com,2016-09-28 03:16:36,2018-10-28 11:01:09
973,penokssonr0@ted.com,2016-06-20 10:13:39,2018-03-05 09:49:03
974,cdymottr1@sogou.com,2017-04-28 18:16:28,2018-03-27 04:24:58
975,zeverardr2@mozilla.org,2016-09-11 14:32:43,2018-07-20 06:07:05
976,espadar3@smugmug.com,2017-04-07 15:56:10,2019-02-08 05:00:29
977,khuglir4@mail.ru,2017-05-16 20:32:52,2017-10-07 05:40:59
978,pbrecknockr5@weebly.com,2016-06-21 07:40:42,2017-08-22 10:48:37
979,fchaplainr6@parallels.com,2016-08-18 04:21:26,2019-03-08 22:20:02
980,gantliffr7@github.io,2016-05-29 07:13:34,2019-03-08 18:42:36
981,bkarlqvistr8@globo.com,2017-01-25 05:27:26,2018-03-21 20:37:43
982,msainerr9@npr.org,2016-09-07 06:04:35,2018-12-22 07:05:40
983,hnolotra@wordpress.org,2017-01-11 17:17:57,2018-08-04 13:33:49
984,psheekeyrb@statcounter.com,2017-05-14 16:49:54,2018-05-21 05:53:04
985,dlabernrc@over-blog.com,2016-06-01 06:04:12,2018-02-18 02:03:33
986,cgregorettird@google.com.br,2017-02-14 13:49:50,2018-07-23 08:02:19
987,rnarramorere@cyberchimps.com,2016-12-09 14:35:01,2017-12-02 09:36:43
988,dbencerf@lulu.com,2017-03-14 00:36:11,2018-01-13 14:24:54
989,akinghornrg@hibu.com,2016-05-08 06:19:27,2018-04-21 02:27:28
990,jgrainerh@t-online.de,2016-07-27 05:11:23,2018-10-11 20:15:20
991,vagnolori@furl.net,2017-03-09 00:53:52,2017-12-21 22:53:25
992,bcamseyrj@hatena.ne.jp,2017-06-11 15:44:43,2018-03-14 05:09:27
993,mspriggingrk@newyorker.com,2016-05-24 16:14:14,2017-11-17 03:19:37
994,jantonrl@msu.edu,2017-02-19 05:38:49,2018-10-09 11:41:45
995,sbrodbinrm@canalblog.com,2016-07-06 11:15:31,2019-01-14 03:31:02
996,aericrn@hugedomains.com,2017-03-28 17:02:11,2019-03-08 05:17:30
997,hallensonro@bloglovin.com,2017-01-16 17:19:26,2019-01-12 11:22:13
998,cabrahamoffrp@blogtalkradio.com,2017-02-08 07:24:56,2019-01-18 18:47:55
999,cmcmurtyrrq@nbcnews.com,2016-11-08 21:37:25,2018-03-24 13:33:38
1000,cduigedrr@cyberchimps.com,2016-09-23 13:28:19,2017-10-18 03:31:20
